reception_time;city_id;reference_time;sunset_time;sunrise_time;clouds;rain;snow;wind_speed;wind_deg;wind_gust;humidity;pressure_press;pressure_sea_level;temperature_temp_c;temperature_temp_kf;temperature_temp_max_c;temperature_temp_min_c;temperature_feels_like_c;status;detailed_status;weather_code;weather_icon_name;visibility_distance;dewpoint;humidex;heat_index;utc_offset;uvi;precipitation_probability;city_name;state;country_code;lon;lat
2023-06-29 08:24:59+00;472045;2023-06-29 08:24:40+00;2023-06-29 17:45:13+00;2023-06-29 01:07:53+00;100;"{""1h"": 1}";{};3;180;;94;1007;"";15.010004;;15.010004;14.980005;15.020014;Rain;light rain;500;10d;10000;"";"";"";10800;"";"";Voronezh;"";RU;39.17;51.66639
2023-06-29 08:52:24+00;472045;2023-06-29 08:50:12+00;2023-06-29 17:45:13+00;2023-06-29 01:07:53+00;100;{};{};2;200;;94;1007;"";15.010004;;15.010004;14.980005;15.020014;Clouds;overcast clouds;804;04d;10000;"";"";"";10800;"";"";Voronezh;"";RU;39.17;51.66639
2023-06-29 09:11:54+00;472045;2023-06-29 09:09:00+00;2023-06-29 17:45:13+00;2023-06-29 01:07:53+00;100;{};{};2;200;;94;1007;"";15.010004;;15.010004;14.980005;15.020014;Clouds;overcast clouds;804;04d;10000;"";"";"";10800;"";"";Voronezh;"";RU;39.17;51.66639
2023-06-29 10:51:58+00;472045;2023-06-29 10:51:03+00;2023-06-29 17:45:13+00;2023-06-29 01:07:53+00;0;{};{};4;160;;82;1005;"";18.010004;;18.010004;17.760004;18.010004;Clear;clear sky;800;01d;10000;"";"";"";10800;"";"";Voronezh;"";RU;39.17;51.66639
2023-06-29 11:07:58+00;472045;2023-06-29 11:05:03+00;2023-06-29 17:45:13+00;2023-06-29 01:07:53+00;0;{};{};4;160;;82;1005;"";18.010004;;18.010004;17.760004;18.010004;Clear;clear sky;800;01d;10000;"";"";"";10800;"";"";Voronezh;"";RU;39.17;51.66639
2023-06-29 11:20:08+00;472045;2023-06-29 11:20:05+00;2023-06-29 17:45:13+00;2023-06-29 01:07:53+00;0;{};{};4;180;;77;1005;"";18.010004;;18.010004;17.760004;17.88;Clear;clear sky;800;01d;10000;"";"";"";10800;"";"";Voronezh;"";RU;39.17;51.66639
2023-06-29 13:49:15+00;472045;2023-06-29 13:49:07+00;2023-06-29 17:45:13+00;2023-06-29 01:07:53+00;0;{};{};5;170;;72;1004;"";19.010004;;19.010004;18.86999;18.85;Clear;clear sky;800;01d;10000;"";"";"";10800;"";"";Voronezh;"";RU;39.17;51.66639
2023-06-30 07:18:35+00;472045;2023-06-30 07:14:43+00;2023-06-30 17:45:01+00;2023-06-30 01:08:28+00;75;{};{};4;260;;77;998;"";18.010004;;18.010004;17.760004;17.88;Clouds;broken clouds;803;04d;10000;"";"";"";10800;"";"";Voronezh;"";RU;39.17;51.66639
2023-06-30 07:56:36+00;472045;2023-06-30 07:54:19+00;2023-06-30 17:45:01+00;2023-06-30 01:08:28+00;75;{};{};4;280;;77;998;"";18.010004;;18.010004;17.760004;17.88;Clouds;broken clouds;803;04d;10000;"";"";"";10800;"";"";Voronezh;"";RU;39.17;51.66639
2023-06-30 11:48:21+00;472045;2023-06-30 11:43:22+00;2023-06-30 17:45:01+00;2023-06-30 01:08:28+00;0;{};{};3;250;;68;998;"";20.010004;;20.010004;19.980005;19.83999;Clear;clear sky;800;01d;10000;"";"";"";10800;"";"";Voronezh;"";RU;39.17;51.66639
2023-07-03 11:45:50+00;472045;2023-07-03 11:45:50+00;2023-07-03 17:44:05+00;2023-07-03 01:10:30+00;75;{};{};5;230;;57;1010;"";26.010004;;26.010004;25.540003;26.010004;Thunderstorm;thunderstorm;211;11d;10000;"";"";"";10800;"";"";Voronezh;"";RU;39.17;51.66639
2023-07-04 06:40:02+00;472045;2023-07-04 06:36:00+00;2023-07-04 17:43:40+00;2023-07-04 01:11:16+00;0;{};{};2;110;;64;1016;"";24.010004;;24.010004;23.86999;24.140009;Clear;clear sky;800;01d;10000;"";"";"";10800;"";"";Voronezh;"";RU;39.17;51.66639
2023-07-07 12:19:55+00;472045;2023-07-07 12:18:20+00;2023-07-07 17:42:07+00;2023-07-07 01:13:48+00;0;{};{};3;160;;37;1015;"";32.010002;;32.010002;31.649988;31.790003;Clear;clear sky;800;01d;10000;"";"";"";10800;"";"";Voronezh;"";RU;39.17;51.66639
2023-06-29 08:24:58+00;491422;2023-06-29 08:24:49+00;2023-06-29 17:06:25+00;2023-06-29 01:42:12+00;0;{};{};2.8;259;2.56;63;1011;1011;25.61001;;26.050013;25.61001;25.86999;Clear;clear sky;800;01d;10000;"";"";"";10800;"";"";Sochi;"";RU;39.730278;43.6
2023-06-29 08:52:24+00;491422;2023-06-29 08:50:49+00;2023-06-29 17:06:25+00;2023-06-29 01:42:12+00;0;{};{};2.93;261;2.74;63;1010;1010;25.61001;;26.050013;25.61001;25.86999;Clear;clear sky;800;01d;10000;"";"";"";10800;"";"";Sochi;"";RU;39.730278;43.6
2023-06-29 08:55:44+00;491422;2023-06-29 08:55:26+00;2023-06-29 17:06:25+00;2023-06-29 01:42:12+00;0;{};{};2.93;261;2.74;63;1010;1010;25.61001;;26.050013;25.61001;25.86999;Clear;clear sky;800;01d;10000;"";"";"";10800;"";"";Sochi;"";RU;39.730278;43.6
2023-06-29 09:13:08+00;491422;2023-06-29 09:09:24+00;2023-06-29 17:06:25+00;2023-06-29 01:42:12+00;0;{};{};2.93;261;2.74;63;1010;1010;26.719995;;26.719995;26.050013;27.929987;Clear;clear sky;800;01d;10000;"";"";"";10800;"";"";Sochi;"";RU;39.730278;43.6
2023-06-29 09:11:53+00;491422;2023-06-29 09:11:53+00;2023-06-29 17:06:25+00;2023-06-29 01:42:12+00;0;{};{};2.93;261;2.74;63;1010;1010;26.719995;;26.719995;26.050013;27.929987;Clear;clear sky;800;01d;10000;"";"";"";10800;"";"";Sochi;"";RU;39.730278;43.6
2023-06-29 10:51:57+00;491422;2023-06-29 10:48:46+00;2023-06-29 17:06:25+00;2023-06-29 01:42:12+00;25;{};{};3.15;272;3.03;67;1010;1010;25.61001;;26.050013;25.61001;25.980005;Clouds;scattered clouds;802;03d;10000;"";"";"";10800;"";"";Sochi;"";RU;39.730278;43.6
2023-06-29 11:07:57+00;491422;2023-06-29 11:04:49+00;2023-06-29 17:06:25+00;2023-06-29 01:42:12+00;25;{};{};3.15;272;3.03;67;1010;1010;25.61001;;26.050013;25.61001;25.980005;Clouds;scattered clouds;802;03d;10000;"";"";"";10800;"";"";Sochi;"";RU;39.730278;43.6
2023-06-29 11:20:02+00;491422;2023-06-29 11:15:54+00;2023-06-29 17:06:25+00;2023-06-29 01:42:12+00;25;{};{};3.15;272;3.03;67;1010;1010;25.61001;;26.050013;25.61001;25.980005;Clouds;scattered clouds;802;03d;10000;"";"";"";10800;"";"";Sochi;"";RU;39.730278;43.6
2023-06-29 13:49:14+00;491422;2023-06-29 13:47:51+00;2023-06-29 17:06:25+00;2023-06-29 01:42:12+00;0;{};{};3.25;281;3.49;67;1009;1009;25.61001;;26.050013;25.61001;25.980005;Clear;clear sky;800;01d;10000;"";"";"";10800;"";"";Sochi;"";RU;39.730278;43.6
2023-06-30 07:18:35+00;491422;2023-06-30 07:15:06+00;2023-06-30 17:06:20+00;2023-06-30 01:42:40+00;100;{};{};2.75;307;2.8;74;1011;1011;22.830011;;23.050013;22.830011;23.1;Clouds;overcast clouds;804;04d;10000;"";"";"";10800;"";"";Sochi;"";RU;39.730278;43.6
2023-06-30 07:56:36+00;491422;2023-06-30 07:55:07+00;2023-06-30 17:06:20+00;2023-06-30 01:42:40+00;100;{};{};3.28;290;3.13;68;1012;1012;22.830011;;23.050013;22.830011;22.939997;Clouds;overcast clouds;804;04d;10000;"";"";"";10800;"";"";Sochi;"";RU;39.730278;43.6
2023-06-30 11:48:20+00;491422;2023-06-30 11:43:26+00;2023-06-30 17:06:20+00;2023-06-30 01:42:40+00;100;{};{};4.83;281;4.7;55;1012;1012;22.830011;;23.050013;22.830011;22.6;Clouds;overcast clouds;804;04d;10000;"";"";"";10800;"";"";Sochi;"";RU;39.730278;43.6
2023-07-03 11:45:49+00;491422;2023-07-03 11:41:44+00;2023-07-03 17:05:52+00;2023-07-03 01:44:14+00;0;{};{};2.41;287;2.51;54;1012;1012;30.050013;;30.050013;30.050013;31.790003;Clear;clear sky;800;01d;10000;"";"";"";10800;"";"";Sochi;"";RU;39.730278;43.6
2023-07-04 06:40:02+00;491422;2023-07-04 06:38:11+00;2023-07-04 17:05:38+00;2023-07-04 01:44:49+00;90;{};{};1.8;225;1.44;53;1013;1013;26.719995;;27.050013;26.719995;27.320002;Clouds;overcast clouds;804;04d;10000;"";"";"";10800;"";"";Sochi;"";RU;39.730278;43.6
2023-07-07 12:19:54+00;491422;2023-07-07 12:19:47+00;2023-07-07 17:04:43+00;2023-07-07 01:46:43+00;19;{};{};1.68;185;1.82;64;1008;1008;28.939997;;29.050013;28.939997;31.559992;Clouds;few clouds;801;02d;10000;"";"";"";10800;"";"";Sochi;"";RU;39.730278;43.6
2023-06-29 08:24:58+00;498677;2023-06-29 08:24:05+00;2023-06-29 17:17:13+00;2023-06-29 00:40:59+00;100;{};{};2.22;186;2.78;69;1010;1010;19.830011;;19.830011;19.830011;19.670008;Clouds;overcast clouds;804;04d;10000;"";"";"";14400;"";"";Saratov;"";RU;46.033333;51.566666
2023-06-29 08:52:23+00;498677;2023-06-29 08:49:36+00;2023-06-29 17:17:13+00;2023-06-29 00:40:59+00;100;{};{};1.81;181;2.56;69;1010;1010;20.070002;;20.070002;20.070002;19.929987;Clouds;overcast clouds;804;04d;10000;"";"";"";14400;"";"";Saratov;"";RU;46.033333;51.566666
2023-06-29 08:55:44+00;498677;2023-06-29 08:55:16+00;2023-06-29 17:17:13+00;2023-06-29 00:40:59+00;100;{};{};1.81;181;2.56;69;1010;1010;20.070002;;20.070002;20.070002;19.929987;Clouds;overcast clouds;804;04d;10000;"";"";"";14400;"";"";Saratov;"";RU;46.033333;51.566666
2023-06-29 09:13:07+00;498677;2023-06-29 09:09:31+00;2023-06-29 17:17:13+00;2023-06-29 00:40:59+00;100;{};{};1.81;181;2.56;69;1010;1010;20.070002;;20.070002;20.070002;19.929987;Clouds;overcast clouds;804;04d;10000;"";"";"";14400;"";"";Saratov;"";RU;46.033333;51.566666
2023-06-29 10:51:57+00;498677;2023-06-29 10:51:47+00;2023-06-29 17:17:13+00;2023-06-29 00:40:59+00;100;"{""1h"": 0.52}";{};1.94;201;2.95;69;1009;1009;21.230005;;21.230005;21.230005;21.209986;Rain;light rain;500;10d;10000;"";"";"";14400;"";"";Saratov;"";RU;46.033333;51.566666
2023-06-29 11:07:57+00;498677;2023-06-29 11:05:40+00;2023-06-29 17:17:13+00;2023-06-29 00:40:59+00;100;"{""1h"": 0.52}";{};1.94;201;2.95;69;1009;1009;21.230005;;21.230005;21.230005;21.209986;Rain;light rain;500;10d;10000;"";"";"";14400;"";"";Saratov;"";RU;46.033333;51.566666
2023-06-29 11:20:02+00;498677;2023-06-29 11:17:43+00;2023-06-29 17:17:13+00;2023-06-29 00:40:59+00;100;"{""1h"": 0.52}";{};1.94;201;2.95;69;1009;1009;21.230005;;21.230005;21.230005;21.209986;Rain;light rain;500;10d;10000;"";"";"";14400;"";"";Saratov;"";RU;46.033333;51.566666
2023-06-29 13:49:14+00;498677;2023-06-29 13:48:07+00;2023-06-29 17:17:13+00;2023-06-29 00:40:59+00;100;"{""1h"": 0.71}";{};1.42;190;2.87;77;1007;1007;20.230005;;20.230005;20.230005;20.320002;Rain;light rain;500;10d;10000;"";"";"";14400;"";"";Saratov;"";RU;46.033333;51.566666
2023-06-30 07:18:34+00;498677;2023-06-30 07:17:57+00;2023-06-30 17:17:01+00;2023-06-30 00:41:34+00;100;"{""1h"": 1.2}";{};1.34;192;2.68;93;1001;"";17.749994;;19.85;17.749994;18.010004;Rain;moderate rain;501;10d;8086;"";"";"";14400;"";"";Saratov;"";RU;46.033333;51.566666
2023-06-30 07:56:35+00;498677;2023-06-30 07:52:37+00;2023-06-30 17:17:01+00;2023-06-30 00:41:34+00;100;"{""1h"": 0.64}";{};1.34;184;2.68;93;1001;"";18.309992;;21.520014;18.309992;18.61999;Rain;light rain;500;10d;10000;"";"";"";14400;"";"";Saratov;"";RU;46.033333;51.566666
2023-06-30 11:48:20+00;498677;2023-06-30 11:48:20+00;2023-06-30 17:17:01+00;2023-06-30 00:41:34+00;70;{};{};1.79;238;2.68;37;1001;"";22.749994;;22.749994;22.749994;22.050013;Clouds;broken clouds;803;04d;10000;"";"";"";14400;"";"";Saratov;"";RU;46.033333;51.566666
2023-07-03 11:45:48+00;498677;2023-07-03 11:45:48+00;2023-07-03 17:16:05+00;2023-07-03 00:43:35+00;72;{};{};5.68;279;7.43;60;1010;1010;25.429987;;25.429987;25.429987;25.6;Clouds;broken clouds;803;04d;10000;"";"";"";14400;"";"";Saratov;"";RU;46.033333;51.566666
2023-07-04 06:40:01+00;498677;2023-07-04 06:35:40+00;2023-07-04 17:15:40+00;2023-07-04 00:44:20+00;11;{};{};1.52;215;2.05;64;1013;"";21.640009;;21.640009;21.640009;21.529993;Clouds;few clouds;801;02d;10000;"";"";"";14400;"";"";Saratov;"";RU;46.033333;51.566666
2023-07-07 12:19:54+00;498677;2023-07-07 12:16:31+00;2023-07-07 17:14:08+00;2023-07-07 00:46:52+00;0;{};{};1.49;48;2.25;49;1017;1017;27.559992;;27.559992;27.559992;27.899988;Clear;clear sky;800;01d;10000;"";"";"";14400;"";"";Saratov;"";RU;46.033333;51.566666
2023-06-29 08:24:58+00;498817;2023-06-29 08:24:58+00;2023-06-29 19:24:28+00;2023-06-29 00:39:54+00;0;{};{};3;330;;51;1002;"";25.58999;;25.58999;25.080011;25.540003;Clear;clear sky;800;01d;10000;"";"";"";10800;"";"";Saint Petersburg;"";RU;30.264168;59.894444
2023-06-29 08:55:09+00;498817;2023-06-29 08:50:35+00;2023-06-29 19:24:28+00;2023-06-29 00:39:54+00;0;{};{};3;10;;48;1002;"";26.140009;;26.140009;25.649988;26.140009;Clear;clear sky;800;01d;10000;"";"";"";10800;"";"";Saint Petersburg;"";RU;30.264168;59.894444
2023-06-29 08:55:44+00;498817;2023-06-29 08:53:54+00;2023-06-29 19:24:28+00;2023-06-29 00:39:54+00;0;{};{};3;10;;48;1002;"";26.140009;;26.140009;25.649988;26.140009;Clear;clear sky;800;01d;10000;"";"";"";10800;"";"";Saint Petersburg;"";RU;30.264168;59.894444
2023-06-29 09:13:07+00;498817;2023-06-29 09:10:39+00;2023-06-29 19:24:28+00;2023-06-29 00:39:54+00;0;{};{};3;10;;47;1002;"";26.700006;;26.760004;26.080011;26.990015;Clear;clear sky;800;01d;10000;"";"";"";10800;"";"";Saint Petersburg;"";RU;30.264168;59.894444
2023-06-29 10:51:56+00;498817;2023-06-29 10:48:06+00;2023-06-29 19:24:28+00;2023-06-29 00:39:54+00;0;{};{};5;70;;49;1001;"";26.140009;;27.080011;26.140009;26.140009;Clear;clear sky;800;01d;10000;"";"";"";10800;"";"";Saint Petersburg;"";RU;30.264168;59.894444
2023-06-29 11:07:56+00;498817;2023-06-29 11:07:20+00;2023-06-29 19:24:28+00;2023-06-29 00:39:54+00;0;{};{};5;70;;47;1001;"";26.700006;;27.080011;26.700006;26.990015;Clear;clear sky;800;01d;10000;"";"";"";10800;"";"";Saint Petersburg;"";RU;30.264168;59.894444
2023-06-29 11:20:01+00;498817;2023-06-29 11:19:54+00;2023-06-29 19:24:28+00;2023-06-29 00:39:54+00;0;{};{};5;40;;47;1001;"";26.700006;;27.080011;26.700006;26.990015;Clear;clear sky;800;01d;10000;"";"";"";10800;"";"";Saint Petersburg;"";RU;30.264168;59.894444
2023-06-29 13:49:13+00;498817;2023-06-29 13:46:59+00;2023-06-29 19:24:28+00;2023-06-29 00:39:54+00;0;{};{};5;40;;44;1000;"";26.140009;;27.080011;26.140009;26.140009;Clear;clear sky;800;01d;10000;"";"";"";10800;"";"";Saint Petersburg;"";RU;30.264168;59.894444
2023-06-30 07:18:34+00;498817;2023-06-30 07:14:14+00;2023-06-30 19:23:57+00;2023-06-30 00:40:47+00;0;{};{};2;300;;60;1000;"";23.36001;;23.36001;22.86999;23.320002;Clear;clear sky;800;01d;10000;"";"";"";10800;"";"";Saint Petersburg;"";RU;30.264168;59.894444
2023-06-30 07:56:35+00;498817;2023-06-30 07:55:06+00;2023-06-30 19:23:57+00;2023-06-30 00:40:47+00;0;{};{};3;320;;63;1000;"";23.920008;;24.080011;22.86999;24.010004;Clear;clear sky;800;01d;10000;"";"";"";10800;"";"";Saint Petersburg;"";RU;30.264168;59.894444
2023-06-30 11:48:20+00;498817;2023-06-30 11:44:28+00;2023-06-30 19:23:57+00;2023-06-30 00:40:47+00;40;"{""1h"": 0.67}";{};5;60;;72;999;"";21.140009;;22.080011;21.140009;21.189997;Rain;light rain;500;10d;10000;"";"";"";10800;"";"";Saint Petersburg;"";RU;30.264168;59.894444
2023-07-03 11:45:48+00;498817;2023-07-03 11:43:30+00;2023-07-03 19:21:54+00;2023-07-03 00:43:56+00;75;{};{};4;230;9;73;993;"";18.920008;;21.080011;18.920008;18.770014;Clouds;broken clouds;803;04d;10000;"";"";"";10800;"";"";Saint Petersburg;"";RU;30.264168;59.894444
2023-07-04 06:40:01+00;498817;2023-07-04 06:36:10+00;2023-07-04 19:21:02+00;2023-07-04 00:45:08+00;0;{};{};6;210;;82;1003;"";14.080011;;14.080011;13.980005;13.679987;Clear;clear sky;800;01d;10000;"";"";"";10800;"";"";Saint Petersburg;"";RU;30.264168;59.894444
2023-07-07 12:19:54+00;498817;2023-07-07 12:19:31+00;2023-07-07 19:18:00+00;2023-07-07 00:49:10+00;75;{};{};5;300;10;81;1013;"";17.249994;;18.080011;17.249994;17.149988;Clouds;broken clouds;803;04d;10000;"";"";"";10800;"";"";Saint Petersburg;"";RU;30.264168;59.894444
2023-06-29 08:24:57+00;501175;2023-06-29 08:22:02+00;2023-06-29 17:21:10+00;2023-06-29 01:27:36+00;98;{};{};4.02;210;0;56;1009;"";25.070002;;27.050013;25.070002;25.08999;Clouds;overcast clouds;804;04d;10000;"";"";"";10800;"";"";Rostov-na-Donu;"";RU;39.71389;47.23639
2023-06-29 08:52:23+00;501175;2023-06-29 08:50:08+00;2023-06-29 17:21:10+00;2023-06-29 01:27:36+00;95;{};{};4.02;210;0;56;1009;"";25.070002;;27.050013;25.070002;25.08999;Clouds;overcast clouds;804;04d;10000;"";"";"";10800;"";"";Rostov-na-Donu;"";RU;39.71389;47.23639
2023-06-29 08:55:43+00;501175;2023-06-29 08:55:43+00;2023-06-29 17:21:10+00;2023-06-29 01:27:36+00;95;{};{};4.02;210;0;56;1009;"";25.070002;;27.050013;25.070002;25.08999;Clouds;overcast clouds;804;04d;10000;"";"";"";10800;"";"";Rostov-na-Donu;"";RU;39.71389;47.23639
2023-06-29 09:11:52+00;501175;2023-06-29 09:07:28+00;2023-06-29 17:21:10+00;2023-06-29 01:27:36+00;95;{};{};4.02;210;0;56;1009;"";25.070002;;27.050013;25.070002;25.08999;Clouds;overcast clouds;804;04d;10000;"";"";"";10800;"";"";Rostov-na-Donu;"";RU;39.71389;47.23639
2023-06-29 09:13:07+00;501175;2023-06-29 09:12:02+00;2023-06-29 17:21:10+00;2023-06-29 01:27:36+00;95;{};{};4.02;210;0;56;1009;"";25.070002;;27.050013;25.070002;25.08999;Clouds;overcast clouds;804;04d;10000;"";"";"";10800;"";"";Rostov-na-Donu;"";RU;39.71389;47.23639
2023-06-29 10:51:56+00;501175;2023-06-29 10:50:09+00;2023-06-29 17:21:10+00;2023-06-29 01:27:36+00;97;{};{};4.02;210;0;56;1009;"";25.070002;;25.070002;24.050013;25.08999;Clouds;overcast clouds;804;04d;10000;"";"";"";10800;"";"";Rostov-na-Donu;"";RU;39.71389;47.23639
2023-06-29 11:07:51+00;501175;2023-06-29 11:02:58+00;2023-06-29 17:21:10+00;2023-06-29 01:27:36+00;97;{};{};4.02;210;0;56;1009;"";25.070002;;25.070002;24.050013;25.08999;Clouds;overcast clouds;804;04d;10000;"";"";"";10800;"";"";Rostov-na-Donu;"";RU;39.71389;47.23639
2023-06-29 11:20:01+00;501175;2023-06-29 11:19:36+00;2023-06-29 17:21:10+00;2023-06-29 01:27:36+00;97;{};{};4.02;210;0;56;1009;"";25.070002;;25.070002;23.050013;25.08999;Clouds;overcast clouds;804;04d;10000;"";"";"";10800;"";"";Rostov-na-Donu;"";RU;39.71389;47.23639
2023-06-29 13:49:13+00;501175;2023-06-29 13:47:01+00;2023-06-29 17:21:10+00;2023-06-29 01:27:36+00;81;{};{};4.02;210;0;56;1009;"";25.070002;;25.070002;24.050013;25.08999;Clouds;broken clouds;803;04d;10000;"";"";"";10800;"";"";Rostov-na-Donu;"";RU;39.71389;47.23639
2023-06-30 07:18:33+00;501175;2023-06-30 07:16:39+00;2023-06-30 17:21:02+00;2023-06-30 01:28:06+00;35;{};{};5.81;243;0;64;1007;"";20.070002;;21.050013;20.070002;19.800013;Clouds;scattered clouds;802;03d;10000;"";"";"";10800;"";"";Rostov-na-Donu;"";RU;39.71389;47.23639
2023-06-30 07:56:34+00;501175;2023-06-30 07:56:34+00;2023-06-30 17:21:02+00;2023-06-30 01:28:06+00;24;{};{};5.81;243;0;64;1007;"";20.070002;;20.070002;20.050013;19.800013;Clouds;few clouds;801;02d;10000;"";"";"";10800;"";"";Rostov-na-Donu;"";RU;39.71389;47.23639
2023-06-30 11:48:19+00;501175;2023-06-30 11:43:32+00;2023-06-30 17:21:02+00;2023-06-30 01:28:06+00;11;{};{};7.6;252;0;53;1006;"";22.290003;;25.050013;22.290003;21.959986;Clouds;few clouds;801;02d;10000;"";"";"";10800;"";"";Rostov-na-Donu;"";RU;39.71389;47.23639
2023-07-03 11:45:48+00;501175;2023-07-03 11:45:48+00;2023-07-03 17:20:23+00;2023-07-03 01:29:51+00;48;{};{};2.24;221;0;41;1013;"";28.959986;;30.050013;28.959986;28.659998;Clouds;scattered clouds;802;03d;10000;"";"";"";10800;"";"";Rostov-na-Donu;"";RU;39.71389;47.23639
2023-07-04 06:40:01+00;501175;2023-07-04 06:38:02+00;2023-07-04 17:20:05+00;2023-07-04 01:30:30+00;20;{};{};3.68;86;4.8;47;1014;1014;28.050013;;28.050013;28.050013;28.240015;Clouds;few clouds;801;02d;10000;"";"";"";10800;"";"";Rostov-na-Donu;"";RU;39.71389;47.23639
2023-07-07 12:19:53+00;501175;2023-07-07 12:15:46+00;2023-07-07 17:18:55+00;2023-07-07 01:32:38+00;0;{};{};6.71;106;0;25;1009;"";35.07;;36.05001;35.07;33.83001;Clear;clear sky;800;01d;10000;"";"";"";10800;"";"";Rostov-na-Donu;"";RU;39.71389;47.23639
2023-06-29 08:24:56+00;520555;2023-06-29 08:24:16+00;2023-06-29 17:56:33+00;2023-06-29 00:17:54+00;100;"{""1h"": 0.75}";{};4;170;;72;1007;"";18.61999;;18.730005;18.61999;18.420008;Rain;light rain;500;10d;10000;"";"";"";10800;"";"";Nizhniy Novgorod;"";RU;44.00205;56.328674
2023-06-29 08:52:21+00;520555;2023-06-29 08:49:36+00;2023-06-29 17:56:33+00;2023-06-29 00:17:54+00;100;"{""1h"": 0.37}";{};3;160;;72;1007;"";17.510004;;17.730005;17.510004;17.200006;Rain;light rain;500;10d;10000;"";"";"";10800;"";"";Nizhniy Novgorod;"";RU;44.00205;56.328674
2023-06-29 08:55:42+00;520555;2023-06-29 08:54:11+00;2023-06-29 17:56:33+00;2023-06-29 00:17:54+00;100;"{""1h"": 0.37}";{};3;160;;72;1007;"";17.510004;;17.730005;17.510004;17.200006;Rain;light rain;500;10d;10000;"";"";"";10800;"";"";Nizhniy Novgorod;"";RU;44.00205;56.328674
2023-06-29 09:13:06+00;520555;2023-06-29 09:11:51+00;2023-06-29 17:56:33+00;2023-06-29 00:17:54+00;100;"{""1h"": 1}";{};3;160;;72;1007;"";17.730005;;17.730005;17.730005;17.439997;Rain;light rain;500;10d;10000;"";"";"";10800;"";"";Nizhniy Novgorod;"";RU;44.00205;56.328674
2023-06-29 10:51:55+00;520555;2023-06-29 10:49:55+00;2023-06-29 17:56:33+00;2023-06-29 00:17:54+00;100;"{""1h"": 3.65}";{};3;110;;100;1007;"";14.730005;;14.730005;14.730005;14.869989;Rain;light intensity shower rain;520;09d;9000;"";"";"";10800;"";"";Nizhniy Novgorod;"";RU;44.00205;56.328674
2023-06-29 11:07:40+00;520555;2023-06-29 11:06:10+00;2023-06-29 17:56:33+00;2023-06-29 00:17:54+00;100;"{""1h"": 4.34}";{};3;110;;100;1007;"";14.730005;;14.730005;14.730005;14.869989;Rain;light intensity shower rain;520;09d;9000;"";"";"";10800;"";"";Nizhniy Novgorod;"";RU;44.00205;56.328674
2023-06-29 11:20:00+00;520555;2023-06-29 11:17:21+00;2023-06-29 17:56:33+00;2023-06-29 00:17:54+00;100;"{""1h"": 5.62}";{};2;120;;93;1007;"";15.290003;;15.730005;15.290003;15.300013;Rain;light intensity shower rain;520;09d;10000;"";"";"";10800;"";"";Nizhniy Novgorod;"";RU;44.00205;56.328674
2023-06-29 13:49:07+00;520555;2023-06-29 13:45:33+00;2023-06-29 17:56:33+00;2023-06-29 00:17:54+00;100;{};{};3;150;;93;1005;"";16.399988;;16.730005;16.399988;16.520014;Clouds;overcast clouds;804;04d;10000;"";"";"";10800;"";"";Nizhniy Novgorod;"";RU;44.00205;56.328674
2023-06-30 07:18:33+00;520555;2023-06-30 07:15:58+00;2023-06-30 17:56:13+00;2023-06-30 00:18:37+00;100;{};{};1;0;;88;999;"";17.510004;;17.730005;17.510004;17.61001;Clouds;overcast clouds;804;04d;10000;"";"";"";10800;"";"";Nizhniy Novgorod;"";RU;44.00205;56.328674
2023-06-30 07:56:34+00;520555;2023-06-30 07:52:02+00;2023-06-30 17:56:13+00;2023-06-30 00:18:37+00;100;{};{};2;80;;88;999;"";17.510004;;17.730005;17.510004;17.61001;Clouds;overcast clouds;804;04d;9000;"";"";"";10800;"";"";Nizhniy Novgorod;"";RU;44.00205;56.328674
2023-06-30 11:48:18+00;520555;2023-06-30 11:45:24+00;2023-06-30 17:56:13+00;2023-06-30 00:18:37+00;100;"{""1h"": 2.73}";{};6;110;;100;994;"";17.510004;;17.730005;17.510004;17.929987;Rain;light intensity shower rain;520;09d;8000;"";"";"";10800;"";"";Nizhniy Novgorod;"";RU;44.00205;56.328674
2023-07-03 11:45:46+00;520555;2023-07-03 11:45:46+00;2023-07-03 17:54:48+00;2023-07-03 00:21:07+00;40;{};{};5;270;;57;1004;"";24.730005;;24.730005;24.730005;24.749994;Thunderstorm;thunderstorm;211;11d;10000;"";"";"";10800;"";"";Nizhniy Novgorod;"";RU;44.00205;56.328674
2023-07-04 06:40:00+00;520555;2023-07-04 06:37:49+00;2023-07-04 17:54:12+00;2023-07-04 00:22:04+00;0;{};{};2;200;;53;1014;"";22.510004;;22.730005;22.510004;22.200006;Clear;clear sky;800;01d;10000;"";"";"";10800;"";"";Nizhniy Novgorod;"";RU;44.00205;56.328674
2023-07-07 12:19:52+00;520555;2023-07-07 12:17:19+00;2023-07-07 17:52:02+00;2023-07-07 00:25:14+00;20;{};{};7;200;;54;1017;"";28.61999;;28.730005;28.61999;29.640009;Clouds;few clouds;801;02d;10000;"";"";"";10800;"";"";Nizhniy Novgorod;"";RU;44.00205;56.328674
2023-06-29 08:24:56+00;524894;2023-06-29 08:20:03+00;2023-06-29 18:17:48+00;2023-06-29 00:47:49+00;0;{};{};3.62;173;5.27;47;1003;1003;19.11999;;19.189997;18.550013;18.309992;Clear;clear sky;800;01d;10000;"";"";"";10800;"";"";Moscow;"";RU;37.606667;55.761665
2023-06-29 08:55:07+00;524894;2023-06-29 08:52:21+00;2023-06-29 18:17:48+00;2023-06-29 00:47:49+00;4;{};{};4.23;164;5.46;44;1003;1003;20.149988;;20.249994;18.88;19.36999;Clear;clear sky;800;01d;10000;"";"";"";10800;"";"";Moscow;"";RU;37.606667;55.761665
2023-06-29 09:13:05+00;524894;2023-06-29 09:11:18+00;2023-06-29 18:17:48+00;2023-06-29 00:47:49+00;4;{};{};4.23;164;5.46;44;1003;1003;20.279993;;20.709986;19.659998;19.510004;Clear;clear sky;800;01d;10000;"";"";"";10800;"";"";Moscow;"";RU;37.606667;55.761665
2023-06-29 10:51:55+00;524894;2023-06-29 10:51:55+00;2023-06-29 18:17:48+00;2023-06-29 00:47:49+00;33;{};{};4.68;167;5.42;47;1002;1002;20.469995;;22.659998;19.950006;19.800013;Clouds;scattered clouds;802;03d;10000;"";"";"";10800;"";"";Moscow;"";RU;37.606667;55.761665
2023-06-29 11:07:34+00;524894;2023-06-29 11:06:17+00;2023-06-29 18:17:48+00;2023-06-29 00:47:49+00;33;{};{};4.68;167;5.42;47;1002;1002;20.529993;;22.659998;19.990015;19.86999;Clouds;scattered clouds;802;03d;10000;"";"";"";10800;"";"";Moscow;"";RU;37.606667;55.761665
2023-06-29 11:19:54+00;524894;2023-06-29 11:19:54+00;2023-06-29 18:17:48+00;2023-06-29 00:47:49+00;33;{};{};4.68;167;5.42;47;1002;1002;20.230005;;21.189997;17.029993;19.540003;Clouds;scattered clouds;802;03d;10000;"";"";"";10800;"";"";Moscow;"";RU;37.606667;55.761665
2023-06-29 13:49:06+00;524894;2023-06-29 13:47:51+00;2023-06-29 18:17:48+00;2023-06-29 00:47:49+00;100;{};{};4.4;145;5.51;61;1001;1001;15.520014;;17.010004;15.029993;14.7199955;Clouds;overcast clouds;804;04d;10000;"";"";"";10800;"";"";Moscow;"";RU;37.606667;55.761665
2023-06-30 07:18:32+00;524894;2023-06-30 07:18:24+00;2023-06-30 18:17:29+00;2023-06-30 00:48:31+00;100;{};{};3.11;69;3.93;79;999;999;15.520014;;16.140009;14.990015;15.189997;Clouds;overcast clouds;804;04d;10000;"";"";"";10800;"";"";Moscow;"";RU;37.606667;55.761665
2023-06-30 07:56:33+00;524894;2023-06-30 07:56:33+00;2023-06-30 18:17:29+00;2023-06-30 00:48:31+00;100;{};{};3.45;71;4.51;76;998;998;15.820002;;16.659998;14.990015;15.439997;Clouds;overcast clouds;804;04d;10000;"";"";"";10800;"";"";Moscow;"";RU;37.606667;55.761665
2023-06-30 11:48:18+00;524894;2023-06-30 11:47:24+00;2023-06-30 18:17:29+00;2023-06-30 00:48:31+00;99;{};{};1.82;94;2.56;69;997;997;17.140009;;18.659998;15.809992;16.709986;Clouds;overcast clouds;804;04d;6417;"";"";"";10800;"";"";Moscow;"";RU;37.606667;55.761665
2023-07-03 11:45:46+00;524894;2023-07-03 11:43:05+00;2023-07-03 18:16:09+00;2023-07-03 00:50:56+00;57;{};{};6.42;268;8.69;31;1007;1007;23.040003;;24.659998;22.189997;22.209986;Clouds;broken clouds;803;04d;10000;"";"";"";10800;"";"";Moscow;"";RU;37.606667;55.761665
2023-07-04 06:39:59+00;524894;2023-07-04 06:39:59+00;2023-07-04 18:15:35+00;2023-07-04 00:51:51+00;3;{};{};2.71;263;5.93;35;1015;1015;20.939997;;22.770014;20.140009;19.999994;Clear;clear sky;800;01d;10000;"";"";"";10800;"";"";Moscow;"";RU;37.606667;55.761665
2023-07-07 12:19:52+00;524894;2023-07-07 12:18:56+00;2023-07-07 18:13:30+00;2023-07-07 00:54:56+00;100;{};{};2.56;235;4.35;47;1014;1014;25.159998;;26.140009;24.029993;24.959986;Clouds;overcast clouds;804;04d;10000;"";"";"";10800;"";"";Moscow;"";RU;37.606667;55.761665
2023-06-29 08:24:56+00;542420;2023-06-29 08:22:01+00;2023-06-29 17:14:56+00;2023-06-29 01:39:43+00;20;{};{};4;240;;42;1009;"";27.790003;;28.010004;27.790003;27.61999;Clouds;few clouds;801;02d;10000;"";"";"";10800;"";"";Krasnodar;"";RU;38.976944;45.03278
2023-06-29 08:52:21+00;542420;2023-06-29 08:50:06+00;2023-06-29 17:14:56+00;2023-06-29 01:39:43+00;40;{};{};3;270;;42;1009;"";27.790003;;28.010004;27.790003;27.61999;Clouds;scattered clouds;802;03d;10000;"";"";"";10800;"";"";Krasnodar;"";RU;38.976944;45.03278
2023-06-29 08:55:42+00;542420;2023-06-29 08:54:51+00;2023-06-29 17:14:56+00;2023-06-29 01:39:43+00;40;{};{};3;270;;42;1009;"";27.790003;;28.010004;27.790003;27.61999;Clouds;scattered clouds;802;03d;10000;"";"";"";10800;"";"";Krasnodar;"";RU;38.976944;45.03278
2023-06-29 09:11:50+00;542420;2023-06-29 09:08:16+00;2023-06-29 17:14:56+00;2023-06-29 01:39:43+00;40;{};{};3;270;;42;1009;"";27.790003;;28.010004;27.790003;27.61999;Clouds;scattered clouds;802;03d;10000;"";"";"";10800;"";"";Krasnodar;"";RU;38.976944;45.03278
2023-06-29 10:51:54+00;542420;2023-06-29 10:49:27+00;2023-06-29 17:14:56+00;2023-06-29 01:39:43+00;0;{};{};5;260;;42;1008;"";30.010004;;30.010004;30.010004;29.939997;Clear;clear sky;800;01d;10000;"";"";"";10800;"";"";Krasnodar;"";RU;38.976944;45.03278
2023-06-29 11:07:34+00;542420;2023-06-29 11:05:03+00;2023-06-29 17:14:56+00;2023-06-29 01:39:43+00;0;{};{};5;260;;35;1006;"";31.070002;;31.1;30.010004;30.33999;Clear;clear sky;800;01d;10000;"";"";"";10800;"";"";Krasnodar;"";RU;38.976944;45.03278
2023-06-29 11:19:54+00;542420;2023-06-29 11:19:27+00;2023-06-29 17:14:56+00;2023-06-29 01:39:43+00;0;{};{};5;240;;45;1008;"";27.790003;;28.010004;27.790003;27.830011;Clear;clear sky;800;01d;10000;"";"";"";10800;"";"";Krasnodar;"";RU;38.976944;45.03278
2023-06-29 13:49:06+00;542420;2023-06-29 13:47:37+00;2023-06-29 17:14:56+00;2023-06-29 01:39:43+00;0;{};{};6;270;;37;1007;"";28.899988;;29.010004;28.899988;28.260004;Clear;clear sky;800;01d;10000;"";"";"";10800;"";"";Krasnodar;"";RU;38.976944;45.03278
2023-06-30 07:18:32+00;542420;2023-06-30 07:14:47+00;2023-06-30 17:14:50+00;2023-06-30 01:40:12+00;75;{};{};7;260;;46;1008;"";26.559992;;26.659998;22.790003;26.559992;Clouds;broken clouds;803;04d;10000;"";"";"";10800;"";"";Krasnodar;"";RU;38.976944;45.03278
2023-06-30 07:56:33+00;542420;2023-06-30 07:56:33+00;2023-06-30 17:14:50+00;2023-06-30 01:40:12+00;75;{};{};7;260;;45;1007;"";26.580011;;26.659998;23.899988;26.580011;Clouds;broken clouds;803;04d;10000;"";"";"";10800;"";"";Krasnodar;"";RU;38.976944;45.03278
2023-06-30 11:48:13+00;542420;2023-06-30 11:45:50+00;2023-06-30 17:14:50+00;2023-06-30 01:40:12+00;40;{};{};10;260;;50;1007;"";24.999994;;26.010004;24.990015;24.86001;Clouds;scattered clouds;802;03d;10000;"";"";"";10800;"";"";Krasnodar;"";RU;38.976944;45.03278
2023-07-03 11:45:46+00;542420;2023-07-03 11:43:05+00;2023-07-03 17:14:18+00;2023-07-03 01:41:50+00;20;{};{};2;150;;35;1009;"";34.33001;;34.429985;30.570002;34.760002;Clouds;few clouds;801;02d;10000;"";"";"";10800;"";"";Krasnodar;"";RU;38.976944;45.03278
2023-07-04 06:39:59+00;542420;2023-07-04 06:36:04+00;2023-07-04 17:14:02+00;2023-07-04 01:42:26+00;0;{};{};3;310;;54;1013;"";27.790003;;28.010004;27.790003;28.570002;Clear;clear sky;800;01d;10000;"";"";"";10800;"";"";Krasnodar;"";RU;38.976944;45.03278
2023-07-07 12:19:51+00;542420;2023-07-07 12:18:20+00;2023-07-07 17:13:02+00;2023-07-07 01:44:26+00;20;{};{};4;120;;38;1006;"";32.79;;33.010002;32.79;33.05999;Clouds;few clouds;801;02d;10000;"";"";"";10800;"";"";Krasnodar;"";RU;38.976944;45.03278
2023-06-29 08:24:55+00;551487;2023-06-29 08:22:26+00;2023-06-29 17:31:57+00;2023-06-29 00:01:32+00;100;{};{};3.84;181;5.47;55;1010;1010;25.33999;;25.33999;25.33999;25.36999;Clouds;overcast clouds;804;04d;10000;"";"";"";10800;"";"";Kazan;"";RU;49.12214;55.78874
2023-06-29 08:55:41+00;551487;2023-06-29 08:49:07+00;2023-06-29 17:31:57+00;2023-06-29 00:01:32+00;99;{};{};4.19;186;5.6;50;1010;1010;24.230005;;24.33999;24.230005;24.010004;Clouds;overcast clouds;804;04d;10000;"";"";"";10800;"";"";Kazan;"";RU;49.12214;55.78874
2023-06-29 09:13:04+00;551487;2023-06-29 09:10:29+00;2023-06-29 17:31:57+00;2023-06-29 00:01:32+00;99;{};{};4.19;186;5.6;50;1010;1010;25.33999;;25.33999;24.33999;25.240015;Clouds;overcast clouds;804;04d;10000;"";"";"";10800;"";"";Kazan;"";RU;49.12214;55.78874
2023-06-29 10:51:54+00;551487;2023-06-29 10:48:35+00;2023-06-29 17:31:57+00;2023-06-29 00:01:32+00;100;{};{};5.15;202;6.15;50;1009;1009;25.899988;;26.33999;25.899988;25.85;Clouds;overcast clouds;804;04d;10000;"";"";"";10800;"";"";Kazan;"";RU;49.12214;55.78874
2023-06-29 11:07:33+00;551487;2023-06-29 11:06:23+00;2023-06-29 17:31:57+00;2023-06-29 00:01:32+00;100;{};{};5.15;202;6.15;50;1009;1009;25.899988;;26.33999;25.899988;25.85;Clouds;overcast clouds;804;04d;10000;"";"";"";10800;"";"";Kazan;"";RU;49.12214;55.78874
2023-06-29 11:19:53+00;551487;2023-06-29 11:19:53+00;2023-06-29 17:31:57+00;2023-06-29 00:01:32+00;100;{};{};5.15;202;6.15;50;1009;1009;25.899988;;26.33999;25.899988;25.85;Clouds;overcast clouds;804;04d;10000;"";"";"";10800;"";"";Kazan;"";RU;49.12214;55.78874
2023-06-29 13:49:05+00;551487;2023-06-29 13:45:49+00;2023-06-29 17:31:57+00;2023-06-29 00:01:32+00;100;{};{};0.86;311;1.83;64;1009;1009;25.33999;;25.33999;25.33999;25.6;Clouds;overcast clouds;804;04d;10000;"";"";"";10800;"";"";Kazan;"";RU;49.12214;55.78874
2023-06-30 07:18:31+00;551487;2023-06-30 07:15:49+00;2023-06-30 17:31:38+00;2023-06-30 00:02:13+00;100;{};{};5.16;162;7.33;60;1003;1003;25.33999;;25.33999;25.33999;25.499994;Clouds;overcast clouds;804;04d;10000;"";"";"";10800;"";"";Kazan;"";RU;49.12214;55.78874
2023-06-30 07:56:32+00;551487;2023-06-30 07:56:32+00;2023-06-30 17:31:38+00;2023-06-30 00:02:13+00;97;{};{};6.55;168;9.69;45;1003;1003;25.33999;;25.33999;25.33999;25.1;Clouds;overcast clouds;804;04d;10000;"";"";"";10800;"";"";Kazan;"";RU;49.12214;55.78874
2023-06-30 11:48:07+00;551487;2023-06-30 11:44:10+00;2023-06-30 17:31:38+00;2023-06-30 00:02:13+00;99;{};{};3.38;201;7.23;48;1000;1000;28.11999;;28.33999;28.11999;28.399988;Clouds;overcast clouds;804;04d;10000;"";"";"";10800;"";"";Kazan;"";RU;49.12214;55.78874
2023-07-03 11:45:45+00;551487;2023-07-03 11:42:15+00;2023-07-03 17:30:18+00;2023-07-03 00:04:39+00;59;{};{};2.61;248;5.11;57;1006;1006;27.010004;;27.010004;26.33999;27.88;Clouds;broken clouds;803;04d;10000;"";"";"";10800;"";"";Kazan;"";RU;49.12214;55.78874
2023-07-04 06:39:58+00;551487;2023-07-04 06:35:34+00;2023-07-04 17:29:44+00;2023-07-04 00:05:34+00;0;{};{};3.95;328;4.64;42;1014;1014;25.33999;;25.33999;25.33999;25.029993;Clear;clear sky;800;01d;10000;"";"";"";10800;"";"";Kazan;"";RU;49.12214;55.78874
2023-07-07 12:19:51+00;551487;2023-07-07 12:17:37+00;2023-07-07 17:27:39+00;2023-07-07 00:08:38+00;48;{};{};2.06;240;2.5;32;1019;1019;30.33999;;30.33999;30.33999;29.240015;Clouds;scattered clouds;802;03d;10000;"";"";"";10800;"";"";Kazan;"";RU;49.12214;55.78874
2023-06-29 08:24:55+00;554234;2023-06-29 08:23:04+00;2023-06-29 19:18:38+00;2023-06-29 02:03:46+00;70;{};{};4.5;305;5.65;60;1012;1012;22.029993;;22.029993;22.029993;21.86001;Clouds;broken clouds;803;04d;10000;"";"";"";7200;"";"";Kaliningrad;"";RU;20.51095;54.70649
2023-06-29 08:55:41+00;554234;2023-06-29 08:50:56+00;2023-06-29 19:18:38+00;2023-06-29 02:03:46+00;80;{};{};4.97;295;6.04;57;1012;1012;22.029993;;22.029993;22.029993;21.779993;Clouds;broken clouds;803;04d;10000;"";"";"";7200;"";"";Kaliningrad;"";RU;20.51095;54.70649
2023-06-29 09:11:49+00;554234;2023-06-29 09:08:51+00;2023-06-29 19:18:38+00;2023-06-29 02:03:46+00;80;{};{};4.97;295;6.04;57;1012;1012;22.029993;;22.029993;22.029993;21.779993;Clouds;broken clouds;803;04d;10000;"";"";"";7200;"";"";Kaliningrad;"";RU;20.51095;54.70649
2023-06-29 10:51:53+00;554234;2023-06-29 10:50:56+00;2023-06-29 19:18:38+00;2023-06-29 02:03:46+00;85;{};{};5.81;302;6.77;53;1011;1011;22.029993;;22.029993;22.029993;21.670008;Clouds;overcast clouds;804;04d;10000;"";"";"";7200;"";"";Kaliningrad;"";RU;20.51095;54.70649
2023-06-29 11:07:33+00;554234;2023-06-29 11:05:42+00;2023-06-29 19:18:38+00;2023-06-29 02:03:46+00;85;{};{};5.81;302;6.77;53;1011;1011;22.029993;;22.029993;22.029993;21.670008;Clouds;overcast clouds;804;04d;10000;"";"";"";7200;"";"";Kaliningrad;"";RU;20.51095;54.70649
2023-06-29 11:19:53+00;554234;2023-06-29 11:16:16+00;2023-06-29 19:18:38+00;2023-06-29 02:03:46+00;85;{};{};5.81;302;6.77;53;1011;1011;22.029993;;22.029993;22.029993;21.670008;Clouds;overcast clouds;804;04d;10000;"";"";"";7200;"";"";Kaliningrad;"";RU;20.51095;54.70649
2023-06-29 13:49:05+00;554234;2023-06-29 13:44:56+00;2023-06-29 19:18:38+00;2023-06-29 02:03:46+00;74;{};{};5.99;306;6.44;58;1011;1011;22.029993;;22.029993;20.540003;21.800013;Clouds;broken clouds;803;04d;10000;"";"";"";7200;"";"";Kaliningrad;"";RU;20.51095;54.70649
2023-06-30 07:18:31+00;554234;2023-06-30 07:15:43+00;2023-06-30 19:18:21+00;2023-06-30 02:04:26+00;87;{};{};4.02;259;5.54;63;1009;1009;21.029993;;21.029993;21.029993;20.830011;Clouds;overcast clouds;804;04d;10000;"";"";"";7200;"";"";Kaliningrad;"";RU;20.51095;54.70649
2023-06-30 07:56:32+00;554234;2023-06-30 07:51:41+00;2023-06-30 19:18:21+00;2023-06-30 02:04:26+00;93;{};{};4.34;259;5.54;60;1009;1009;21.029993;;21.029993;21.029993;20.760004;Clouds;overcast clouds;804;04d;10000;"";"";"";7200;"";"";Kaliningrad;"";RU;20.51095;54.70649
2023-06-30 11:48:07+00;554234;2023-06-30 11:43:07+00;2023-06-30 19:18:21+00;2023-06-30 02:04:26+00;83;{};{};4.19;269;4.77;51;1008;1008;23.029993;;23.029993;23.029993;22.719995;Clouds;broken clouds;803;04d;10000;"";"";"";7200;"";"";Kaliningrad;"";RU;20.51095;54.70649
2023-07-03 11:45:45+00;554234;2023-07-03 11:45:33+00;2023-07-03 19:17:08+00;2023-07-03 02:06:44+00;39;{};{};9.35;246;13.17;37;1006;1006;21.029993;;21.029993;21.029993;20.149988;Clouds;scattered clouds;802;03d;10000;"";"";"";7200;"";"";Kaliningrad;"";RU;20.51095;54.70649
2023-07-04 06:39:58+00;554234;2023-07-04 06:39:58+00;2023-07-04 19:16:36+00;2023-07-04 02:07:37+00;35;{};{};7.21;216;11.67;44;1009;1009;17.029993;;19.980005;17.029993;15.939997;Clouds;scattered clouds;802;03d;10000;"";"";"";7200;"";"";Kaliningrad;"";RU;20.51095;54.70649
2023-07-07 12:19:50+00;554234;2023-07-07 12:15:22+00;2023-07-07 19:14:40+00;2023-07-07 02:10:32+00;3;{};{};5.32;284;6.51;36;1023;1023;22.029993;;22.029993;22.029993;21.230005;Clear;clear sky;800;01d;10000;"";"";"";7200;"";"";Kaliningrad;"";RU;20.51095;54.70649
2023-06-29 08:24:54+00;578072;2023-06-29 08:24:54+00;2023-06-29 17:49:52+00;2023-06-29 01:23:58+00;0;{};{};5;200;;64;1006;"";20.35;;20.35;20.290003;20.11001;Clear;clear sky;800;01d;10000;"";"";"";10800;"";"";Belgorod;"";RU;36.58;50.61
2023-06-29 08:52:19+00;578072;2023-06-29 08:52:19+00;2023-06-29 17:49:52+00;2023-06-29 01:23:58+00;0;{};{};6;190;;68;1006;"";20.35;;20.35;20.290003;20.219995;Clear;clear sky;800;01d;10000;"";"";"";10800;"";"";Belgorod;"";RU;36.58;50.61
2023-06-29 09:11:49+00;578072;2023-06-29 09:11:48+00;2023-06-29 17:49:52+00;2023-06-29 01:23:58+00;0;{};{};6;190;;68;1006;"";20.35;;20.35;20.290003;20.219995;Clear;clear sky;800;01d;10000;"";"";"";10800;"";"";Belgorod;"";RU;36.58;50.61
2023-06-29 10:51:53+00;578072;2023-06-29 10:48:04+00;2023-06-29 17:49:52+00;2023-06-29 01:23:58+00;75;{};{};5;210;11;53;1005;"";22.35;;22.35;21.959986;22.020014;Clouds;broken clouds;803;04d;10000;"";"";"";10800;"";"";Belgorod;"";RU;36.58;50.61
2023-06-29 11:07:33+00;578072;2023-06-29 11:07:04+00;2023-06-29 17:49:52+00;2023-06-29 01:23:58+00;75;{};{};5;210;11;53;1005;"";22.35;;22.35;21.959986;22.020014;Clouds;broken clouds;803;04d;10000;"";"";"";10800;"";"";Belgorod;"";RU;36.58;50.61
2023-06-29 11:19:52+00;578072;2023-06-29 11:18:12+00;2023-06-29 17:49:52+00;2023-06-29 01:23:58+00;0;{};{};4.02;220;0;46;1004;"";22.35;;22.35;21.959986;21.83999;Clear;clear sky;800;01d;10000;"";"";"";10800;"";"";Belgorod;"";RU;36.58;50.61
2023-06-29 13:49:04+00;578072;2023-06-29 13:45:02+00;2023-06-29 17:49:52+00;2023-06-29 01:23:58+00;0;{};{};4.02;250;0;63;1004;"";19.35;;19.35;19.179987;18.990015;Clear;clear sky;800;01d;10000;"";"";"";10800;"";"";Belgorod;"";RU;36.58;50.61
2023-06-30 07:18:31+00;578072;2023-06-30 07:18:31+00;2023-06-30 17:49:41+00;2023-06-30 01:24:32+00;75;{};{};5;290;;82;1001;"";17.35;;17.35;16.959986;17.279993;Clouds;broken clouds;803;04d;10000;"";"";"";10800;"";"";Belgorod;"";RU;36.58;50.61
2023-06-30 07:56:31+00;578072;2023-06-30 07:56:31+00;2023-06-30 17:49:41+00;2023-06-30 01:24:32+00;75;{};{};5;280;;77;1001;"";17.35;;17.35;16.959986;17.149988;Clouds;broken clouds;803;04d;10000;"";"";"";10800;"";"";Belgorod;"";RU;36.58;50.61
2023-06-30 11:48:06+00;578072;2023-06-30 11:48:06+00;2023-06-30 17:49:41+00;2023-06-30 01:24:32+00;0;"{""1h"": 0.21}";{};6;300;;77;1000;"";18.35;;18.35;18.070002;18.249994;Rain;light rain;500;10d;10000;"";"";"";10800;"";"";Belgorod;"";RU;36.58;50.61
2023-07-03 11:45:44+00;578072;2023-07-03 11:41:40+00;2023-07-03 17:48:49+00;2023-07-03 01:26:29+00;0;{};{};3.13;270;0;64;1011;"";24.35;;25.290003;24.35;24.510004;Clear;clear sky;800;01d;10000;"";"";"";10800;"";"";Belgorod;"";RU;36.58;50.61
2023-07-04 06:39:58+00;578072;2023-07-04 06:36:06+00;2023-07-04 17:48:26+00;2023-07-04 01:27:13+00;0;{};{};1;120;;83;1016;"";22.35;;22.35;21.959986;22.809992;Clear;clear sky;800;01d;10000;"";"";"";10800;"";"";Belgorod;"";RU;36.58;50.61
2023-07-07 12:19:50+00;578072;2023-07-07 12:19:50+00;2023-07-07 17:46:59+00;2023-07-07 01:29:39+00;0;{};{};3.13;50;0;48;1014;"";31.35;;31.35;30.85;32.80001;Clear;clear sky;800;01d;10000;"";"";"";10800;"";"";Belgorod;"";RU;36.58;50.61
2023-06-29 08:24:59+00;1486209;2023-06-29 08:24:44+00;2023-06-29 16:54:20+00;2023-06-28 23:07:13+00;0;"{""1h"": 0.61}";{};4;280;;46;1009;"";22.770014;;22.770014;22.61001;22.300013;Rain;light rain;500;10d;10000;"";"";"";18000;"";"";Yekaterinburg;"";RU;60.6125;56.8575
2023-06-29 08:55:45+00;1486209;2023-06-29 08:51:27+00;2023-06-29 16:54:20+00;2023-06-28 23:07:13+00;0;"{""1h"": 0.85}";{};4;310;;46;1009;"";21.770014;;21.770014;21.499994;21.200006;Rain;light rain;500;10d;10000;"";"";"";18000;"";"";Yekaterinburg;"";RU;60.6125;56.8575
2023-06-29 09:11:54+00;1486209;2023-06-29 09:09:14+00;2023-06-29 16:54:20+00;2023-06-28 23:07:13+00;0;"{""1h"": 0.85}";{};4;310;;46;1009;"";21.770014;;22.61001;21.770014;21.200006;Rain;light rain;500;10d;10000;"";"";"";18000;"";"";Yekaterinburg;"";RU;60.6125;56.8575
2023-06-29 10:51:58+00;1486209;2023-06-29 10:47:41+00;2023-06-29 16:54:20+00;2023-06-28 23:07:13+00;40;"{""1h"": 0.47}";{};6;260;;43;1008;"";22.770014;;22.770014;22.61001;22.230005;Rain;light rain;500;10d;10000;"";"";"";18000;"";"";Yekaterinburg;"";RU;60.6125;56.8575
2023-06-29 11:07:58+00;1486209;2023-06-29 11:07:58+00;2023-06-29 16:54:20+00;2023-06-28 23:07:13+00;40;"{""1h"": 0.47}";{};6;260;;43;1008;"";22.770014;;22.770014;22.61001;22.230005;Rain;light rain;500;10d;10000;"";"";"";18000;"";"";Yekaterinburg;"";RU;60.6125;56.8575
2023-06-29 11:20:08+00;1486209;2023-06-29 11:17:33+00;2023-06-29 16:54:20+00;2023-06-28 23:07:13+00;75;"{""1h"": 0.47}";{};3;250;8;77;1009;"";17.770014;;17.770014;17.61001;17.61001;Thunderstorm;thunderstorm with light rain;200;11d;8000;"";"";"";18000;"";"";Yekaterinburg;"";RU;60.6125;56.8575
2023-06-29 13:49:15+00;1486209;2023-06-29 13:45:36+00;2023-06-29 16:54:20+00;2023-06-28 23:07:13+00;40;"{""1h"": 0.99}";{};0;0;;94;1010;"";16.770014;;16.770014;16.499994;16.959986;Rain;light rain;500;10d;10000;"";"";"";18000;"";"";Yekaterinburg;"";RU;60.6125;56.8575
2023-06-30 07:18:36+00;1486209;2023-06-30 07:15:11+00;2023-06-30 16:53:59+00;2023-06-29 23:07:57+00;40;{};{};2;130;;50;1011;"";23.770014;;23.770014;23.719995;23.510004;Clouds;scattered clouds;802;03d;10000;"";"";"";18000;"";"";Yekaterinburg;"";RU;60.6125;56.8575
2023-06-30 07:56:37+00;1486209;2023-06-30 07:53:28+00;2023-06-30 16:53:59+00;2023-06-29 23:07:57+00;40;{};{};2;110;;50;1011;"";23.770014;;23.770014;23.719995;23.510004;Clouds;scattered clouds;802;03d;10000;"";"";"";18000;"";"";Yekaterinburg;"";RU;60.6125;56.8575
2023-06-30 11:48:21+00;1486209;2023-06-30 11:46:19+00;2023-06-30 16:53:59+00;2023-06-29 23:07:57+00;40;{};{};3;120;;53;1009;"";23.770014;;23.770014;23.719995;23.58999;Clouds;scattered clouds;802;03d;10000;"";"";"";18000;"";"";Yekaterinburg;"";RU;60.6125;56.8575
2023-07-03 11:45:50+00;1486209;2023-07-03 11:43:54+00;2023-07-03 16:52:31+00;2023-07-02 23:10:30+00;0;{};{};4;280;;34;1005;"";27.770014;;27.770014;27.770014;27.11999;Clear;clear sky;800;01d;10000;"";"";"";18000;"";"";Yekaterinburg;"";RU;60.6125;56.8575
2023-07-04 06:40:03+00;1486209;2023-07-04 06:38:06+00;2023-07-04 16:51:53+00;2023-07-03 23:11:29+00;0;{};{};1;0;;47;1012;"";25.770014;;25.770014;25.390009;25.63;Clear;clear sky;800;01d;10000;"";"";"";18000;"";"";Yekaterinburg;"";RU;60.6125;56.8575
2023-07-07 12:19:55+00;1486209;2023-07-07 12:15:11+00;2023-07-07 16:49:37+00;2023-07-06 23:14:44+00;0;{};{};7;340;;28;1015;"";26.770014;;26.770014;26.499994;26.200006;Clear;clear sky;800;01d;10000;"";"";"";18000;"";"";Yekaterinburg;"";RU;60.6125;56.8575
2023-06-29 08:24:57+00;1496747;2023-06-29 08:24:56+00;2023-06-29 15:11:19+00;2023-06-28 21:51:38+00;0;{};{};6;270;;55;1003;"";18.61001;;18.61001;18.61001;17.959986;Clear;clear sky;800;01d;10000;"";"";"";25200;"";"";Novosibirsk;"";RU;82.93444;55.04111
2023-06-29 08:52:22+00;1496747;2023-06-29 08:51:19+00;2023-06-29 15:11:19+00;2023-06-28 21:51:38+00;0;{};{};6;280;;52;1003;"";19.61001;;19.61001;19.6;18.980005;Clear;clear sky;800;01d;10000;"";"";"";25200;"";"";Novosibirsk;"";RU;82.93444;55.04111
2023-06-29 08:55:43+00;1496747;2023-06-29 08:52:01+00;2023-06-29 15:11:19+00;2023-06-28 21:51:38+00;0;{};{};6;280;;52;1003;"";19.61001;;19.61001;19.6;18.980005;Clear;clear sky;800;01d;10000;"";"";"";25200;"";"";Novosibirsk;"";RU;82.93444;55.04111
2023-06-29 09:11:51+00;1496747;2023-06-29 09:07:48+00;2023-06-29 15:11:19+00;2023-06-28 21:51:38+00;0;{};{};6;280;;52;1003;"";19.61001;;19.61001;19.6;18.980005;Clear;clear sky;800;01d;10000;"";"";"";25200;"";"";Novosibirsk;"";RU;82.93444;55.04111
2023-06-29 10:51:55+00;1496747;2023-06-29 10:50:30+00;2023-06-29 15:11:19+00;2023-06-28 21:51:38+00;0;{};{};4;300;;49;1003;"";21.61001;;21.61001;21.270014;21.11001;Clear;clear sky;800;01d;10000;"";"";"";25200;"";"";Novosibirsk;"";RU;82.93444;55.04111
2023-06-29 11:07:40+00;1496747;2023-06-29 11:04:11+00;2023-06-29 15:11:19+00;2023-06-28 21:51:38+00;0;{};{};4;300;;49;1003;"";21.61001;;21.61001;21.270014;21.11001;Clear;clear sky;800;01d;10000;"";"";"";25200;"";"";Novosibirsk;"";RU;82.93444;55.04111
2023-06-29 11:20:00+00;1496747;2023-06-29 11:16:49+00;2023-06-29 15:11:19+00;2023-06-28 21:51:38+00;40;{};{};4;280;;43;1003;"";21.61001;;21.61001;21.270014;20.950006;Clouds;scattered clouds;802;03d;10000;"";"";"";25200;"";"";Novosibirsk;"";RU;82.93444;55.04111
2023-06-29 13:49:07+00;1496747;2023-06-29 13:45:36+00;2023-06-29 15:11:19+00;2023-06-28 21:51:38+00;0;{};{};6;270;;40;1004;"";21.61001;;21.61001;21.61001;20.86999;Clear;clear sky;800;01d;10000;"";"";"";25200;"";"";Novosibirsk;"";RU;82.93444;55.04111
2023-06-30 07:18:33+00;1496747;2023-06-30 07:18:08+00;2023-06-30 15:11:02+00;2023-06-29 21:52:18+00;75;"{""1h"": 0.7}";{};6;230;;53;1003;"";21.61001;;21.61001;21.270014;21.209986;Rain;light rain;500;10d;10000;"";"";"";25200;"";"";Novosibirsk;"";RU;82.93444;55.04111
2023-06-30 07:56:34+00;1496747;2023-06-30 07:55:44+00;2023-06-30 15:11:02+00;2023-06-29 21:52:18+00;75;"{""1h"": 0.63}";{};6;240;;53;1003;"";21.61001;;21.61001;21.270014;21.209986;Rain;light rain;500;10d;10000;"";"";"";25200;"";"";Novosibirsk;"";RU;82.93444;55.04111
2023-06-30 11:48:19+00;1496747;2023-06-30 11:45:01+00;2023-06-30 15:11:02+00;2023-06-29 21:52:18+00;40;{};{};5;270;;49;1003;"";21.61001;;21.61001;21.270014;21.11001;Clouds;scattered clouds;802;03d;10000;"";"";"";25200;"";"";Novosibirsk;"";RU;82.93444;55.04111
2023-07-03 11:45:47+00;1496747;2023-07-03 11:45:06+00;2023-07-03 15:09:48+00;2023-07-02 21:54:37+00;0;{};{};2;50;;44;1012;"";25.61001;;25.61001;25.159998;25.38;Clear;clear sky;800;01d;10000;"";"";"";25200;"";"";Novosibirsk;"";RU;82.93444;55.04111
2023-07-04 06:40:00+00;1496747;2023-07-04 06:37:46+00;2023-07-04 15:09:16+00;2023-07-03 21:55:30+00;0;{};{};6;60;;36;1011;"";24.61001;;24.61001;24.6;24.070002;Clear;clear sky;800;01d;10000;"";"";"";25200;"";"";Novosibirsk;"";RU;82.93444;55.04111
2023-07-07 12:19:53+00;1496747;2023-07-07 12:19:50+00;2023-07-07 15:07:19+00;2023-07-06 21:58:27+00;75;"{""1h"": 0.71}";{};2;30;;83;1005;"";20.61001;;20.61001;20.159998;20.890009;Rain;light rain;500;10d;10000;"";"";"";25200;"";"";Novosibirsk;"";RU;82.93444;55.04111
2023-06-29 08:24:59+00;2013348;2023-06-29 08:23:31+00;2023-06-29 10:56:02+00;2023-06-28 19:35:21+00;100;{};{};4.96;188;9.52;96;1002;1002;22.010004;;22.010004;21.679987;22.770014;Clouds;overcast clouds;804;04d;10000;"";"";"";36000;"";"";Vladivostok;"";RU;131.87354;43.10562
2023-06-29 08:55:45+00;2013348;2023-06-29 08:49:19+00;2023-06-29 10:56:02+00;2023-06-28 19:35:21+00;100;{};{};4.43;179;9.3;96;1002;1002;22.010004;;22.010004;22.010004;22.770014;Clouds;overcast clouds;804;04d;10000;"";"";"";36000;"";"";Vladivostok;"";RU;131.87354;43.10562
2023-06-29 09:11:53+00;2013348;2023-06-29 09:11:53+00;2023-06-29 10:56:02+00;2023-06-28 19:35:21+00;100;{};{};4.43;179;9.3;96;1002;1002;22.010004;;22.010004;22.010004;22.770014;Clouds;overcast clouds;804;04d;10000;"";"";"";36000;"";"";Vladivostok;"";RU;131.87354;43.10562
2023-06-29 10:51:57+00;2013348;2023-06-29 10:50:55+00;2023-06-29 10:56:02+00;2023-06-28 19:35:21+00;100;{};{};3.15;182;7.34;98;1002;1002;19.010004;;19.010004;18.899988;19.529993;Clouds;overcast clouds;804;04d;7655;"";"";"";36000;"";"";Vladivostok;"";RU;131.87354;43.10562
2023-06-29 11:07:58+00;2013348;2023-06-29 11:07:58+00;2023-06-29 10:56:02+00;2023-06-28 19:35:21+00;100;{};{};3.15;182;7.34;98;1002;1002;19.010004;;19.010004;18.899988;19.529993;Clouds;overcast clouds;804;04n;7655;"";"";"";36000;"";"";Vladivostok;"";RU;131.87354;43.10562
2023-06-29 11:20:08+00;2013348;2023-06-29 11:20:08+00;2023-06-29 10:56:02+00;2023-06-28 19:35:21+00;100;{};{};3.15;182;7.34;98;1002;1002;19.010004;;19.010004;18.899988;19.529993;Clouds;overcast clouds;804;04n;7655;"";"";"";36000;"";"";Vladivostok;"";RU;131.87354;43.10562
2023-06-29 13:49:14+00;2013348;2023-06-29 13:48:49+00;2023-06-29 10:56:02+00;2023-06-28 19:35:21+00;100;"{""1h"": 1.33}";{};4.83;154;9.35;98;1003;1003;19.010004;;19.010004;18.899988;19.529993;Rain;moderate rain;501;10n;4817;"";"";"";36000;"";"";Vladivostok;"";RU;131.87354;43.10562
2023-06-30 07:18:35+00;2013348;2023-06-30 07:13:46+00;2023-06-30 10:55:58+00;2023-06-29 19:35:48+00;80;{};{};5.16;185;7.28;92;1002;1002;24.010004;;24.010004;23.899988;24.86999;Clouds;broken clouds;803;04d;10000;"";"";"";36000;"";"";Vladivostok;"";RU;131.87354;43.10562
2023-06-30 07:56:36+00;2013348;2023-06-30 07:56:36+00;2023-06-30 10:55:58+00;2023-06-29 19:35:48+00;83;{};{};5.4;183;7.68;93;1002;1002;24.010004;;24.010004;23.899988;24.890009;Clouds;broken clouds;803;04d;10000;"";"";"";36000;"";"";Vladivostok;"";RU;131.87354;43.10562
2023-06-30 11:48:21+00;2013348;2023-06-30 11:48:21+00;2023-06-30 10:55:58+00;2023-06-29 19:35:48+00;90;{};{};5.43;191;8.88;95;1005;1005;18.010004;;18.010004;17.790003;18.35;Clouds;overcast clouds;804;04n;10000;"";"";"";36000;"";"";Vladivostok;"";RU;131.87354;43.10562
2023-07-03 11:45:49+00;2013348;2023-07-03 11:40:54+00;2023-07-03 10:55:33+00;2023-07-02 19:37:19+00;94;{};{};1.77;277;2.3;98;1009;1009;20.010004;;20.010004;20.010004;20.63;Clouds;overcast clouds;804;04n;4381;"";"";"";36000;"";"";Vladivostok;"";RU;131.87354;43.10562
2023-07-04 06:40:02+00;2013348;2023-07-04 06:36:54+00;2023-07-04 10:55:20+00;2023-07-03 19:37:53+00;40;{};{};4.05;169;5.53;88;1003;1003;25.010004;;25.010004;25.010004;25.86001;Clouds;scattered clouds;802;03d;10000;"";"";"";36000;"";"";Vladivostok;"";RU;131.87354;43.10562
2023-07-07 12:19:55+00;2013348;2023-07-07 12:19:55+00;2023-07-07 10:54:28+00;2023-07-06 19:39:44+00;94;{};{};3.34;145;4.3;97;1005;1005;19.010004;;19.010004;18.899988;19.499994;Clouds;overcast clouds;804;04n;10000;"";"";"";36000;"";"";Vladivostok;"";RU;131.87354;43.10562
2023-06-29 08:24:55+00;2022890;2023-06-29 08:23:05+00;2023-06-29 11:05:19+00;2023-06-28 19:00:19+00;20;{};{};5;40;;62;1000;"";28.749994;;28.890009;28.749994;30.909998;Clouds;few clouds;801;02d;10000;"";"";"";36000;"";"";Khabarovsk;"";RU;135.09277;48.48083
2023-06-29 08:55:41+00;2022890;2023-06-29 08:52:20+00;2023-06-29 11:05:19+00;2023-06-28 19:00:19+00;20;{};{};5;50;;54;1000;"";28.749994;;28.890009;28.749994;29.820002;Clouds;few clouds;801;02d;10000;"";"";"";36000;"";"";Khabarovsk;"";RU;135.09277;48.48083
2023-06-29 09:13:05+00;2022890;2023-06-29 09:07:13+00;2023-06-29 11:05:19+00;2023-06-28 19:00:19+00;20;{};{};5;50;;54;1000;"";28.749994;;28.890009;28.749994;29.820002;Clouds;few clouds;801;02d;10000;"";"";"";36000;"";"";Khabarovsk;"";RU;135.09277;48.48083
2023-06-29 10:51:54+00;2022890;2023-06-29 10:48:04+00;2023-06-29 11:05:19+00;2023-06-28 19:00:19+00;20;{};{};4;50;;65;1000;"";24.890009;;24.890009;24.890009;25.13;Clouds;few clouds;801;02d;10000;"";"";"";36000;"";"";Khabarovsk;"";RU;135.09277;48.48083
2023-06-29 11:07:34+00;2022890;2023-06-29 11:05:23+00;2023-06-29 11:05:19+00;2023-06-28 19:00:19+00;20;{};{};4;50;;65;1000;"";24.890009;;24.890009;24.890009;25.13;Clouds;few clouds;801;02n;10000;"";"";"";36000;"";"";Khabarovsk;"";RU;135.09277;48.48083
2023-06-29 11:19:54+00;2022890;2023-06-29 11:17:21+00;2023-06-29 11:05:19+00;2023-06-28 19:00:19+00;20;{};{};5;40;;69;1000;"";23.749994;;23.890009;23.749994;23.980005;Clouds;few clouds;801;02n;10000;"";"";"";36000;"";"";Khabarovsk;"";RU;135.09277;48.48083
2023-06-29 13:49:06+00;2022890;2023-06-29 13:45:53+00;2023-06-29 11:05:19+00;2023-06-28 19:00:19+00;20;{};{};3;90;;68;1001;"";22.890009;;22.890009;22.890009;23.010004;Clouds;few clouds;801;02n;10000;"";"";"";36000;"";"";Khabarovsk;"";RU;135.09277;48.48083
2023-06-30 07:18:32+00;2022890;2023-06-30 07:18:14+00;2023-06-30 11:05:10+00;2023-06-29 19:00:50+00;40;{};{};2;300;;73;1001;"";23.749994;;23.890009;23.749994;24.08999;Clouds;scattered clouds;802;03d;10000;"";"";"";36000;"";"";Khabarovsk;"";RU;135.09277;48.48083
2023-06-30 07:56:32+00;2022890;2023-06-30 07:51:52+00;2023-06-30 11:05:10+00;2023-06-29 19:00:50+00;40;{};{};3;280;;73;1001;"";23.749994;;23.749994;22.890009;24.08999;Clouds;scattered clouds;802;03d;10000;"";"";"";36000;"";"";Khabarovsk;"";RU;135.09277;48.48083
2023-06-30 11:48:12+00;2022890;2023-06-30 11:47:08+00;2023-06-30 11:05:10+00;2023-06-29 19:00:50+00;40;{};{};3;300;;88;1002;"";21.890009;;21.890009;21.890009;22.429987;Clouds;scattered clouds;802;03n;10000;"";"";"";36000;"";"";Khabarovsk;"";RU;135.09277;48.48083
2023-07-03 11:45:45+00;2022890;2023-07-03 11:44:53+00;2023-07-03 11:04:29+00;2023-07-02 19:02:37+00;0;{};{};1;320;;60;1006;"";20.420008;;20.890009;20.420008;20.080011;Clear;clear sky;800;01n;10000;"";"";"";36000;"";"";Khabarovsk;"";RU;135.09277;48.48083
2023-07-04 06:39:59+00;2022890;2023-07-04 06:39:59+00;2023-07-04 11:04:10+00;2023-07-03 19:03:17+00;40;{};{};5;350;;39;1003;"";28.890009;;28.890009;28.890009;28.409998;Clouds;scattered clouds;802;03d;10000;"";"";"";36000;"";"";Khabarovsk;"";RU;135.09277;48.48083
2023-07-07 12:19:51+00;2022890;2023-07-07 12:19:51+00;2023-07-07 11:02:57+00;2023-07-06 19:05:30+00;0;{};{};3.13;230;0;73;1004;"";20.420008;;20.890009;20.420008;20.420008;Clear;clear sky;800;01n;10000;"";"";"";36000;"";"";Khabarovsk;"";RU;135.09277;48.48083
2023-06-29 08:25:00+00;2119441;2023-06-29 08:20:08+00;2023-06-29 10:27:54+00;2023-06-28 18:36:35+00;75;{};{};8.05;360;0;94;1006;"";11.790003;;11.790003;11.459986;11.480005;Clouds;broken clouds;803;04d;10000;"";"";"";39600;"";"";Yuzhno-Sakhalinsk;"";RU;142.73366;46.95812
2023-06-29 08:55:46+00;2119441;2023-06-29 08:47:33+00;2023-06-29 10:27:54+00;2023-06-28 18:36:35+00;75;{};{};8.05;360;0;94;1006;"";11.790003;;11.790003;11.459986;11.480005;Clouds;broken clouds;803;04d;10000;"";"";"";39600;"";"";Yuzhno-Sakhalinsk;"";RU;142.73366;46.95812
2023-06-29 09:13:09+00;2119441;2023-06-29 09:11:54+00;2023-06-29 10:27:54+00;2023-06-28 18:36:35+00;75;{};{};8;360;;94;1006;"";11.790003;;11.790003;11.459986;11.480005;Clouds;broken clouds;803;04d;10000;"";"";"";39600;"";"";Yuzhno-Sakhalinsk;"";RU;142.73366;46.95812
2023-06-29 10:51:58+00;2119441;2023-06-29 10:48:34+00;2023-06-29 10:27:54+00;2023-06-28 18:36:35+00;75;{};{};7.15;360;0;87;1006;"";11.790003;;11.790003;11.459986;11.300013;Clouds;broken clouds;803;04n;10000;"";"";"";39600;"";"";Yuzhno-Sakhalinsk;"";RU;142.73366;46.95812
2023-06-29 11:08:04+00;2119441;2023-06-29 11:04:22+00;2023-06-29 10:27:54+00;2023-06-28 18:36:35+00;75;{};{};7.15;360;0;87;1006;"";11.790003;;11.790003;11.459986;11.300013;Clouds;broken clouds;803;04n;10000;"";"";"";39600;"";"";Yuzhno-Sakhalinsk;"";RU;142.73366;46.95812
2023-06-29 11:20:09+00;2119441;2023-06-29 11:20:09+00;2023-06-29 10:27:54+00;2023-06-28 18:36:35+00;75;{};{};8.05;10;0;87;1006;"";11.790003;;11.790003;11.459986;11.300013;Clouds;broken clouds;803;04n;10000;"";"";"";39600;"";"";Yuzhno-Sakhalinsk;"";RU;142.73366;46.95812
2023-06-29 13:49:15+00;2119441;2023-06-29 13:49:15+00;2023-06-30 10:27:47+00;2023-06-29 18:37:05+00;75;{};{};7.15;360;0;93;1007;"";10.790003;;10.790003;10.35;10.35;Clouds;broken clouds;803;04n;10000;"";"";"";39600;"";"";Yuzhno-Sakhalinsk;"";RU;142.73366;46.95812
2023-06-30 07:18:36+00;2119441;2023-06-30 07:15:44+00;2023-06-30 10:27:47+00;2023-06-29 18:37:05+00;40;{};{};3.13;30;0;72;1006;"";15.790003;;15.790003;15.35;15.300013;Clouds;scattered clouds;802;03d;10000;"";"";"";39600;"";"";Yuzhno-Sakhalinsk;"";RU;142.73366;46.95812
2023-06-30 07:56:37+00;2119441;2023-06-30 07:56:19+00;2023-06-30 10:27:47+00;2023-06-29 18:37:05+00;40;{};{};4;60;;72;1005;"";15.790003;;15.790003;15.35;15.300013;Clouds;scattered clouds;802;03d;10000;"";"";"";39600;"";"";Yuzhno-Sakhalinsk;"";RU;142.73366;46.95812
2023-06-30 11:48:21+00;2119441;2023-06-30 11:48:21+00;2023-06-30 10:27:47+00;2023-06-29 18:37:05+00;75;{};{};2;80;;82;1006;"";13.790003;;13.790003;13.790003;13.369989;Clouds;broken clouds;803;04n;10000;"";"";"";39600;"";"";Yuzhno-Sakhalinsk;"";RU;142.73366;46.95812
2023-07-03 11:45:50+00;2119441;2023-07-03 11:45:50+00;2023-07-03 10:27:11+00;2023-07-02 18:38:47+00;75;{};{};1;120;;82;1008;"";14.790003;;14.790003;14.790003;14.4699955;Clouds;broken clouds;803;04n;10000;"";"";"";39600;"";"";Yuzhno-Sakhalinsk;"";RU;142.73366;46.95812
2023-07-04 06:40:03+00;2119441;2023-07-04 06:38:54+00;2023-07-04 10:26:54+00;2023-07-03 18:39:25+00;75;{};{};4.02;220;0;82;1008;"";16.790003;;16.790003;15.35;16.670008;Clouds;broken clouds;803;04d;10000;"";"";"";39600;"";"";Yuzhno-Sakhalinsk;"";RU;142.73366;46.95812
2023-07-07 12:19:56+00;2119441;2023-07-07 12:19:56+00;2023-07-07 10:25:48+00;2023-07-06 18:41:31+00;40;{};{};2;240;;88;1006;"";15.790003;;15.790003;15.35;15.7199955;Clouds;scattered clouds;802;03n;10000;"";"";"";39600;"";"";Yuzhno-Sakhalinsk;"";RU;142.73366;46.95812
2023-06-29 08:24:57+00;2122104;2023-06-29 08:23:25+00;2023-06-29 09:55:26+00;2023-06-28 17:01:44+00;100;{};{};5;200;;94;1008;"";11.330011;;11.330011;10.990015;10.9699955;Clouds;overcast clouds;804;04d;10000;"";"";"";43200;"";"";Petropavlovsk-Kamchatsky;"";RU;158.6483;53.0452
2023-06-29 08:55:08+00;2122104;2023-06-29 08:52:22+00;2023-06-29 09:55:26+00;2023-06-28 17:01:44+00;100;{};{};5;200;;94;1008;"";11.330011;;11.330011;10.990015;10.9699955;Clouds;overcast clouds;804;04d;10000;"";"";"";43200;"";"";Petropavlovsk-Kamchatsky;"";RU;158.6483;53.0452
2023-06-29 08:55:43+00;2122104;2023-06-29 08:53:50+00;2023-06-29 09:55:26+00;2023-06-28 17:01:44+00;100;{};{};5;200;;94;1008;"";11.330011;;11.330011;10.990015;10.9699955;Clouds;overcast clouds;804;04d;10000;"";"";"";43200;"";"";Petropavlovsk-Kamchatsky;"";RU;158.6483;53.0452
2023-06-29 09:13:06+00;2122104;2023-06-29 09:11:51+00;2023-06-29 09:55:26+00;2023-06-28 17:01:44+00;100;{};{};3.35;106;5.04;93;1010;1010;10.990015;;10.990015;10.990015;10.570002;Clouds;overcast clouds;804;04d;386;"";"";"";43200;"";"";Petropavlovsk-Kamchatsky;"";RU;158.6483;53.0452
2023-06-29 10:51:56+00;2122104;2023-06-29 10:48:05+00;2023-06-29 09:55:26+00;2023-06-28 17:01:44+00;100;{};{};4;190;;100;1009;"";10.330011;;10.330011;9.879999;10.029993;Clouds;overcast clouds;804;04n;10000;"";"";"";43200;"";"";Petropavlovsk-Kamchatsky;"";RU;158.6483;53.0452
2023-06-29 11:07:41+00;2122104;2023-06-29 11:07:41+00;2023-06-29 09:55:26+00;2023-06-28 17:01:44+00;100;{};{};2.61;108;4.08;97;1010;1010;8.909998;;8.909998;8.909998;7.4599853;Clouds;overcast clouds;804;04n;1861;"";"";"";43200;"";"";Petropavlovsk-Kamchatsky;"";RU;158.6483;53.0452
2023-06-29 11:20:01+00;2122104;2023-06-29 11:15:15+00;2023-06-29 09:55:26+00;2023-06-28 17:01:44+00;100;{};{};4;180;;100;1009;"";10.330011;;10.330011;9.879999;10.029993;Clouds;overcast clouds;804;04n;7000;"";"";"";43200;"";"";Petropavlovsk-Kamchatsky;"";RU;158.6483;53.0452
2023-06-29 13:49:12+00;2122104;2023-06-29 13:45:07+00;2023-06-30 09:55:12+00;2023-06-29 17:02:20+00;100;{};{};2;200;;100;1010;"";9.330011;;9.330011;9.320002;8.409998;Drizzle;light intensity drizzle;300;09n;3000;"";"";"";43200;"";"";Petropavlovsk-Kamchatsky;"";RU;158.6483;53.0452
2023-06-30 07:18:33+00;2122104;2023-06-30 07:17:03+00;2023-06-30 09:55:12+00;2023-06-29 17:02:20+00;100;{};{};3;180;;100;1012;"";12.330011;;12.330011;12.1;12.230005;Clouds;overcast clouds;804;04d;7000;"";"";"";43200;"";"";Petropavlovsk-Kamchatsky;"";RU;158.6483;53.0452
2023-06-30 07:56:34+00;2122104;2023-06-30 07:56:34+00;2023-06-30 09:55:12+00;2023-06-29 17:02:20+00;100;{};{};3;190;;100;1012;"";12.330011;;12.330011;12.1;12.230005;Clouds;overcast clouds;804;04d;9000;"";"";"";43200;"";"";Petropavlovsk-Kamchatsky;"";RU;158.6483;53.0452
2023-06-30 11:48:19+00;2122104;2023-06-30 11:48:19+00;2023-06-30 09:55:12+00;2023-06-29 17:02:20+00;75;{};{};4;150;;94;1013;"";11.330011;;11.330011;10.990015;10.9699955;Clouds;broken clouds;803;04n;10000;"";"";"";43200;"";"";Petropavlovsk-Kamchatsky;"";RU;158.6483;53.0452
2023-07-03 11:45:47+00;2122104;2023-07-03 11:41:17+00;2023-07-03 09:54:13+00;2023-07-02 17:04:26+00;75;{};{};4;160;;88;1008;"";13.330011;;13.330011;13.209986;13.020014;Clouds;broken clouds;803;04n;10000;"";"";"";43200;"";"";Petropavlovsk-Kamchatsky;"";RU;158.6483;53.0452
2023-07-04 06:40:00+00;2122104;2023-07-04 06:39:15+00;2023-07-04 09:53:46+00;2023-07-03 17:05:13+00;20;{};{};6;190;;60;1010;"";21.330011;;21.330011;21.330011;21.08999;Clouds;few clouds;801;02d;10000;"";"";"";43200;"";"";Petropavlovsk-Kamchatsky;"";RU;158.6483;53.0452
2023-07-07 12:19:53+00;2122104;2023-07-07 12:17:48+00;2023-07-08 09:51:28+00;2023-07-07 17:08:50+00;100;"{""1h"": 0.74}";{};4;180;;100;997;"";10.330011;;10.330011;9.879999;10.029993;Rain;light intensity shower rain;520;09n;6000;"";"";"";43200;"";"";Petropavlovsk-Kamchatsky;"";RU;158.6483;53.0452
